<?xml version="1.0" encoding="UTF-8"?>
<!DOCTYPE mapper PUBLIC "-//mybatis.org//DTD Mapper 3.0//EN" "http://mybatis.org/dtd/mybatis-3-mapper.dtd">
<mapper namespace="com.study.pgdemo.mapper.operlog.OperLogMapper">
    <resultMap id="BaseResultMap" type="com.study.pgdemo.entity.loginfo.OperLog">
        <id column="tid" jdbcType="INTEGER" property="tid" />
        <result column="create_date" jdbcType="VARCHAR" property="createDate" />
        <result column="module_code" jdbcType="VARCHAR" property="moduleCode" />
        <result column="button_name" jdbcType="VARCHAR" property="buttonName" />
    </resultMap>
    <select id="queryOperByCreateDate" resultType="com.study.pgdemo.entity.loginfo.OperLog">
        select create_date,module_code,button_name from xamc_oper_log
    </select>

</mapper>