<?xml version="1.0" encoding="UTF-8" ?>
<!DOCTYPE configuration
        PUBLIC "-//mybatis.org//DTD Config 3.0//EN"
        "http://mybatis.org/dtd/mybatis-3-config.dtd">
<configuration>
    <settings>
        <!-- 开启缓存 -->
        <setting name="cacheEnabled" value="true"/>
        <!-- 使用懒加载 -->
        <setting name="cacheEnabled" value="true"/>
        <!-- 自动将数据中字段以驼峰命名法映射，
            例如user_name映射为userName -->
        <setting name="mapUnderscoreToCamelCase" value="true"/>
    </settings>
    <typeAliases>
        <package name="com.study.pgdemo.entity"/>
        <!-- <typeAlias type="com.mybatis.entity.User" alias="user"/>  -->
    </typeAliases>
    <!-- mybatis支持多数据库厂商 -->
    <databaseIdProvider type="DB_VENDOR">
        <property name="MySQL" value="mysql"/>
        <property name="Oracle" value="oracle"/>
        <property name="SQL Server" value="sqlserver"/>
    </databaseIdProvider>
</configuration>