<?xml version="1.0" encoding="UTF-8"?>
<!DOCTYPE mapper PUBLIC "-//mybatis.org//DTD Mapper 3.0//EN" "http://mybatis.org/dtd/mybatis-3-mapper.dtd">
<mapper namespace="com.study.pgdemo.mapper.operlog.OperLogMapper">
    <resultMap id="BaseResultMap" type="com.study.pgdemo.entity.loginfo.OperLog">
        <id column="tid" jdbcType="INTEGER" property="tid" />
        <result column="create_date" jdbcType="VARCHAR" property="createDate" />
        <result column="module_code" jdbcType="VARCHAR" property="moduleCode" />
        <result column="button_name" jdbcType="VARCHAR" property="buttonName" />
    </resultMap>
    <select id="queryOperByCreateDate" resultType="com.study.pgdemo.entity.loginfo.OperLog">
        select create_date,module_code,button_name from amc_oper_log
    </select>
    <!--  查询序列的当前值 2022年12月25日23:21:46	 -->
    <select id="queryOperlogNextSeq" resultType="long">
		select nextval('amc_oper_log_tid_seq')
	</select>
	<!-- 查询序列的下一个值 2022年12月25日23:22:10 -->
	<select id="queryOperlogCurrSeq" resultType="long">
		select currval('amc_oper_log_tid_seq')
	</select>
	<!-- 保存操作日志 2022年12月25日23:51:45 -->
	<insert id="saveoperLog" useGeneratedKeys="true" keyColumn="tid" keyProperty="tid">
		insert into amc_oper_log (tid, module_code, button_name, memo,create_date, create_time) values (
		    nextval('amc_oper_log_tid_seq'),
			#{moduleCode,jdbcType=VARCHAR},
			#{buttonName,jdbcType=VARCHAR},
			#{memo,jdbcType=VARCHAR},
			#{createDate,jdbcType=VARCHAR},
			#{createTime,jdbcType=TIMESTAMP})
	</insert>
	<!-- 保存操作日志，不需要返回主键值 2022年12月26日00:38:24 lipf -->
	<insert id="saveOperlogWithoutTid">
		insert into amc_oper_log (module_code, button_name, memo,create_date, create_time) values (
			#{moduleCode,jdbcType=VARCHAR},
			#{buttonName,jdbcType=VARCHAR},
			#{memo,jdbcType=VARCHAR},
			#{createDate,jdbcType=VARCHAR},
			#{createTime,jdbcType=TIMESTAMP})
	</insert>
</mapper>