<?xml version="1.0" encoding="UTF-8"?>
<!DOCTYPE generatorConfiguration
        PUBLIC "-//mybatis.org//DTD MyBatis Generator Configuration 1.0//EN"
        "http://mybatis.org/dtd/mybatis-generator-config_1_0.dtd">
<generatorConfiguration>
     <classPathEntry location="/Users/lpf/gitee/project-repo/00work/00_智慧医疗_郭宁/04_工具/01_开发相关的工具/01_maven插件逆向生成需要的jar包/mysql-connector-java-8.0.22.jar"/>
    <context id="my" targetRuntime="MyBatis3">
        <plugin type="org.mybatis.generator.plugins.EqualsHashCodePlugin"/>
        <plugin type="org.mybatis.generator.plugins.SerializablePlugin"/>
        <plugin type="org.mybatis.generator.plugins.ToStringPlugin"/>
        <commentGenerator>
            <!-- 这个元素用来去除指定生成的注释中是否包含生成的日期 false:表示保护 -->
            <!-- 如果生成日期，会造成即使修改一个字段，整个实体类所有属性都会发生变化，不利于版本控制，所以设置为true -->
            <property name="suppressDate" value="true" />
            <!-- 是否去除自动生成的注释 true：是 ： false:否 -->
            <property name="suppressAllComments" value="true" />
        </commentGenerator>
        <jdbcConnection driverClass="com.mysql.cj.jdbc.Driver" userId="root" password="lpf123456!@#"
                        connectionURL="jdbc:mysql://127.0.0.1:3306/ai-doctor?characterEncoding=utf-8"/>
        <javaTypeResolver>
            <property name="forceBigDecimals" value="false"/>
        </javaTypeResolver>
        <!--生成Model类存放位置-->
        <javaModelGenerator targetPackage="com.greenmethyl.doctor.entity.diagnosis.diag" targetProject="/opt/mybatisPro">
            <property name="enableSubPackages" value="true"/>
            <property name="trimStrings" value="true"/>
        </javaModelGenerator>
        <!--生成映射文件存放位置-->
        <sqlMapGenerator targetPackage="com.greenmethyl.doctor.mapper.diagnosis.diag" targetProject="/opt/mybatisPro">
            <property name="enableSubPackages" value="true"/>
        </sqlMapGenerator>
        <!--生成Dao mapper类存放位置-->
        <javaClientGenerator targetPackage="com.greenmethyl.doctor.mapper.diagnosis.diag"
                             targetProject="/opt/mybatisPro" type="XMLMAPPER">
            <property name="enableSubPackages" value="true"/>
        </javaClientGenerator>
        <table tableName="ai_diag_res_medicane" domainObjectName="DiagResMedicane" enableCountByExample="false" enableUpdateByExample="false"
               enableDeleteByExample="false" enableSelectByExample="false"
               selectByExampleQueryId="false"/>
    </context>
</generatorConfiguration>
        <!--三、使用方式-->
        <!--mvn mybatis-generator:generate-->
        <!--如果是在intellij 环境，直接鼠标点击即可-->